epoch,loss,loss_main,loss_int,loss_grad,loss_branch,loss_route,g_mean,g_std,mask_mean,mask_std,e_base_l1,res_vis,res_ir,cap_l1,vis_u_l1,ir_u_l1,diff_l1,e_vis,e_ir,p_vis,p_ir,y_vis_mean,y_vis_std,ir_mean,ir_std,health
1,0.11562902371690911,0.023638880773618514,0.08707612709311091,0.05226639297870206,0.13525107485048768,0.5932725189971466,0.6696543703202297,0.08384205226208097,0.6792486731101628,0.45937728123361465,0.07007300133715157,0.07560783585951085,0.04260173060658465,0.11968237239703097,0.06431834099563856,0.06017301246157142,0.12083181707492592,0.11154108716114586,0.13086365061696945,0.4466790646708169,0.5533209358658395,0.31065370952811133,0.20586706522633047,0.25076050471429495,0.18936108880075944,OK
2,0.07393635845198637,0.02641545702666402,0.03603352711056353,0.02096741398827744,0.06610738691322658,0.4457812059183224,0.6770604354779975,0.2447794957124457,0.6776412054628026,0.4591791986131153,0.08159524051188564,0.14170001027714305,0.07306736723116251,0.20699996435914148,0.10808391481781063,0.09147840579088425,0.19197233339675476,0.20816285545084656,0.2236053057435323,0.48213459728431013,0.5178654034312318,0.3127369413606259,0.20666705391236714,0.25330314143043176,0.18991719370558052,OK
3,0.0679433044909286,0.026988717107972106,0.031004612148478897,0.016085440147609986,0.05986320941137666,0.42340107056416243,0.6771111665438919,0.2633591692577175,0.6771119662693569,0.4599315658623145,0.0777904692889691,0.14803001512678302,0.07745886164284697,0.21612667049966655,0.11185810153259665,0.09105717315643776,0.1933864854356679,0.21754425157662055,0.23735580581719992,0.4782056097938519,0.5217943889181725,0.3138438689143432,0.20658401892680367,0.250313242756519,0.1889303840186988,OK
4,0.06550414520366138,0.0272209262039338,0.03022772789175878,0.014338515179582826,0.05135253847253566,0.4081681040154786,0.6775034595580519,0.27245826685593194,0.6778949883376278,0.4592445261266624,0.0758898833326074,0.15271147268087495,0.07974165970054851,0.22135914042860377,0.11638412842837846,0.09511340631335294,0.20226910332886397,0.22424601982621586,0.24444117678814575,0.47846634762913953,0.5215336519415352,0.3109987292255388,0.2055300861722281,0.2553726629692824,0.1916056372592,OK
5,0.06371353020598622,0.02709411033222369,0.028824435678922258,0.013207585503328212,0.04206557787892198,0.40217468904561643,0.6791760654581123,0.275132658342425,0.6801303381822548,0.4585282916710729,0.07283735001126544,0.15058217605515545,0.0774003442864315,0.2158015414195902,0.11638843631293594,0.09724434399876704,0.20451695775212933,0.2204227721920105,0.2377420433429109,0.4812967204818634,0.5187032790888114,0.31089459143194403,0.20614774792599364,0.2519256483589043,0.18957282750367546,OK
6,0.0617244964664509,0.026783663352408043,0.02755172000046359,0.012374139223180685,0.03811445624074515,0.3886075390129387,0.6812451534769257,0.2816432897819906,0.6820066122948623,0.4575144609197133,0.0719417353146145,0.1534252402787449,0.07689304573579925,0.21704001379471008,0.11978309467381218,0.10267544579820759,0.2131593994984106,0.22395470894041325,0.2374073099903986,0.48575793054639077,0.5142420702049283,0.31299426178542933,0.20655811500220167,0.2530017610447032,0.18863108330199413,OK
7,0.06144710596190209,0.027406422168660422,0.02662760085489999,0.011892423311825327,0.036827965253809776,0.3823444087679933,0.6782058108539856,0.2900081279934669,0.6787327093308141,0.45849230481224473,0.0721109635090413,0.1513641154011186,0.07732913266120553,0.21552813223072317,0.12236165066583961,0.10699612497031188,0.2202658513549711,0.2217898901914205,0.23621666860752175,0.4847086953515766,0.5152913048630859,0.3121975929188986,0.20643812780227122,0.251777985892376,0.18900857656514372,OK
8,0.06047886786233334,0.02723226817335938,0.026699655849178012,0.011324993949629466,0.03543083186597884,0.37794662849241945,0.6792326154185085,0.29077442750638843,0.679993914205487,0.4588572193666094,0.07087520157553855,0.14710187337764888,0.07542913581053463,0.20954842468341286,0.12166722992710134,0.10795159789980674,0.22060745840026838,0.2153144840325485,0.23093076154035108,0.48323924730376466,0.5167607525531269,0.3125383567695572,0.20557989280263916,0.2515105598506664,0.1897972971916485,OK
9,0.05934345094310422,0.027005023503003,0.02642171316258028,0.010861708999232424,0.03519544848615454,0.3696518439669855,0.6812371000880096,0.2958219736850276,0.6817543971724584,0.4581622830530604,0.07033314218684261,0.14568391280407522,0.07451901009970424,0.20681000085008674,0.12212683015367708,0.11044697118263427,0.22347230511624702,0.21258772052779776,0.22916142272205056,0.48222360022070887,0.517776398240876,0.31129462258512375,0.20539891733234528,0.25209956304902503,0.19150593480607328,OK
10,0.05893705144417243,0.027112182846912244,0.026036120244018992,0.010545135924026889,0.034685743022329955,0.36658525506273754,0.6786714782591771,0.3004442591841768,0.6790660924556591,0.4587986373386177,0.06950806640759379,0.14009554346068567,0.0735009089805463,0.20088987465666122,0.12044932280017548,0.11033865796918628,0.22164505507264817,0.20527330797617319,0.22410431173311418,0.47926409927164376,0.5207359010861272,0.31234689026462786,0.20478364180366532,0.25211210605226647,0.1879625538048767,OK
11,0.0577681964981098,0.026826665405796712,0.025530381137136224,0.01003956824059219,0.033947755796175184,0.3601889372551713,0.6816398401578077,0.30065543829750757,0.6818414267514791,0.4574861848840908,0.06879626718066892,0.13811167164080712,0.07153940514078876,0.1962988880895624,0.11945141101477384,0.11004075667365831,0.22003007720426923,0.20141544540961678,0.2198261100561822,0.479337539492535,0.5206624607221276,0.31239312200271496,0.2062985111578029,0.25185278424767316,0.18949373428668437,OK
12,0.05823119214567102,0.027461601952303287,0.02582223709037646,0.00990850039162994,0.03364272317250951,0.35884876930270015,0.6790421585432764,0.3056539992074005,0.6795775122216055,0.4589442635069088,0.06807500483984706,0.13455610023755557,0.07035913484982725,0.19111638737111247,0.11808145652655937,0.1098292827928195,0.21828512525429675,0.1968776370976724,0.21500944742420855,0.4791369992000859,0.5208630000128179,0.3149186749847568,0.20684095457786558,0.2521555757000237,0.1903504425791704,OK
13,0.056861255832222186,0.026701753634829767,0.02554236186806913,0.009555707865932427,0.03270399390685172,0.3544503586704419,0.6818565082292454,0.30570646744816243,0.6823308355167133,0.4579782326753829,0.06674701040711294,0.13100189610975846,0.06718450127502663,0.183673972843074,0.11507472645442168,0.10733308245082433,0.21267101662356455,0.19096352125988716,0.20661619876255366,0.4814853244612054,0.5185146756103488,0.31325687791834644,0.20705568670582514,0.2505384096596278,0.18957084785847245,OK
14,0.05876094447214063,0.028337653816900118,0.026404422343935537,0.009756981695377203,0.03235390244581762,0.35404654653991113,0.6762304172223929,0.30997148363673244,0.6764914441008528,0.46043659773479706,0.06650474076332594,0.1280109492473814,0.06869355980910602,0.18257758007043837,0.11473630025249426,0.10818681380256456,0.21268284730479067,0.18829100875078844,0.20795897153817736,0.47645164791847905,0.5235483508293225,0.31427571184638026,0.2070819760928778,0.2536915872348886,0.1914992485673917,OK
15,0.057773900056193,0.02790133387302043,0.025499270180193316,0.009301791450853985,0.03126186704193773,0.35416457269872936,0.6745185623077355,0.31043105927549774,0.674782648414266,0.46077793611197915,0.06534601827146483,0.12326614665133613,0.06624742758003067,0.1749100051686114,0.11129897408017449,0.10541081574319505,0.20632560955447737,0.1815308864180352,0.19934415287759696,0.4777872004285723,0.5222127992852109,0.31136559733465796,0.20581114237584702,0.2527605998648458,0.18967264638442238,OK
16,0.05678318930165965,0.027339968138283828,0.025232007231737744,0.009058238259244974,0.030430944929389105,0.3511494480225505,0.6778478911515473,0.309354277173368,0.6782554973001812,0.459391732175811,0.06390840587030654,0.12167561254581484,0.06381147385363568,0.17039207981771926,0.10915360301017475,0.10370552470954526,0.20219651252782644,0.178218607427407,0.1942299856823318,0.4794787775997927,0.5205212225433157,0.3124543513391628,0.20542270165173804,0.25213790834307814,0.18937590605571492,OK
17,0.05694430139886231,0.027561156271474988,0.02559540961507936,0.008927569156098946,0.029954053018810083,0.3519298807233751,0.6778064664600849,0.31031040634427753,0.6780511154418661,0.45882816811283383,0.06336564019250841,0.1203371069001622,0.0635608272495068,0.16834892779767585,0.10824584970776202,0.10369605650635613,0.2006738212894277,0.17647417333303522,0.1930500329578338,0.47883405465753426,0.5211659457360138,0.31286954445069004,0.2069764137446952,0.2531950931732251,0.1906344959644281,OK
18,0.056023515883882366,0.027350101419830738,0.0256674576971103,0.008581610482034027,0.028912077755147383,0.34471874261031205,0.6821207340453423,0.3118619910057853,0.6825673317923552,0.4579012486614099,0.06230905933790848,0.11916085547294651,0.06067426582420466,0.16397432685971688,0.105924052958872,0.10183348217789008,0.19606564284301176,0.17373336595790584,0.1872065702334744,0.48233678110507355,0.517663219109589,0.3126852590711463,0.20638840338763068,0.25095623114458226,0.18937787022732314,OK
19,0.05678440370157558,0.02781993841209045,0.025344549021979912,0.008670770249856102,0.0286407930617716,0.34945663688134176,0.6736176460802483,0.3138831987851808,0.6741582458259678,0.4607155746629401,0.061470256315595675,0.11433430523628375,0.06129074965168734,0.15973093412539252,0.1044779655580618,0.1012466386908672,0.19362365194156964,0.1686392173188932,0.1839850006126413,0.47940497413402844,0.5205950254724234,0.31270875657449104,0.2069663361412566,0.25295981061773426,0.1883473589855368,OK
20,0.05595580580122188,0.027471639089049305,0.025586785419898873,0.008425863876453592,0.027706165029918874,0.3444512453542895,0.6723869499109801,0.3169365962620686,0.6725900643656091,0.4615413329037441,0.06113874773178495,0.11449628929291167,0.06195530889607241,0.15979295529845525,0.10488085576645037,0.10205732599026014,0.1944286175528351,0.16914703446526488,0.1853908692516771,0.4780177405687655,0.5219822589661323,0.3111604770012692,0.2071796177672882,0.2562530712455976,0.19138041474953704,OK
21,0.056777570644865376,0.028066714329472862,0.025497902540259715,0.008617885336156886,0.027338460425422543,0.34539591443209516,0.6740116517082984,0.3165488628959026,0.6742877980240253,0.4608483535258853,0.06017795184991655,0.11243742266569247,0.06018989682108128,0.15596161002800818,0.10350709612451109,0.10127136825906988,0.19183473385611072,0.1657485061583399,0.18109004745105592,0.4788790567009961,0.5211209422972451,0.31328666632344315,0.20665960139980694,0.25355540657816245,0.19049475973501068,OK
22,0.0558521985372647,0.02787221433529977,0.025024585775798466,0.008269545022903585,0.026510938003632415,0.33885741820570087,0.6815199355761401,0.3157698860367378,0.6817774623095775,0.45749746236194366,0.05958824923613063,0.11346619153598778,0.05747663860722464,0.15353571577947966,0.10284514903199343,0.10032769870393131,0.18995355969431305,0.1653903801562119,0.17696109691373155,0.48392153684260036,0.5160784633362852,0.3125467001497388,0.20607530161970947,0.25222490218077814,0.1920604357073287,OK
23,0.05536664802344048,0.027470715099102667,0.025442827814946226,0.008101875207857604,0.025852753952959506,0.33982494172929717,0.6786510126144231,0.3154432528516969,0.6790838842990161,0.4580669273205307,0.058898476076548266,0.11083400271394674,0.05723376029997277,0.15042562179025912,0.10164520210650216,0.09968351625523218,0.1877224937278111,0.16223183352084292,0.17395699701282014,0.4835843034222776,0.5164156957548491,0.3144652971915123,0.2075405372452049,0.2522871068366865,0.18950672412798758,OK
24,0.054980833054322296,0.02743875621488186,0.024871142184203054,0.007904365814725856,0.025321460487757054,0.33794763782659787,0.6774306358838854,0.3182649248573674,0.677669505934183,0.4594509860976976,0.05775700782348557,0.10872510613120046,0.05621034674914408,0.1474670662062795,0.10033224576733121,0.09863890354193988,0.1849122092682345,0.15944618779141792,0.17083906985166408,0.4834774005599096,0.5165225992254278,0.3134698589988688,0.20596662272854585,0.252640882683616,0.18973142115258368,OK
25,0.055306477476658226,0.027764532285197978,0.024697513831611655,0.007909431547655457,0.024686892525855306,0.3383178586790971,0.6763023462902312,0.3196411228337351,0.6766026574595063,0.4601662363611063,0.05734453441089943,0.10810802254875024,0.056534007619865156,0.14684707003266587,0.10026571714506001,0.0994404442921406,0.18531007658676799,0.1589031076731802,0.17137203898643102,0.48196778524251116,0.5180322141492781,0.3116451332978412,0.20561245050715082,0.25219466051563066,0.19161666054971793,OK
26,0.05471443830534261,0.027452563925110706,0.024717580818874138,0.007833671234246222,0.024188380536376213,0.3342912178687832,0.6773004230259418,0.3209597544581378,0.6775247177012972,0.45976966966529426,0.05721279956838664,0.10809111422529312,0.05638077708647675,0.14639266097352427,0.10008776606488771,0.09990352378780244,0.1851751999336989,0.15865574076789624,0.17161251758398557,0.48111365211396373,0.5188863477071508,0.3123072925485483,0.20639376018513866,0.25389068961000383,0.1918349603966934,OK
27,0.05509246290758663,0.027873693833447375,0.024853012526222244,0.007866845042182028,0.023934153449751822,0.3325456182996766,0.6808700884590629,0.3204666130504116,0.6810677439010158,0.45801597826478,0.05705265885963589,0.10714785624541441,0.05495822322772903,0.14393408750357176,0.09919225217020955,0.09955944636968576,0.1836091144030549,0.15646717049816505,0.16886396101471327,0.48180968714218325,0.5181903124284916,0.3139501919015115,0.2079189376724439,0.2525424339136585,0.19059007052256136,OK
28,0.055227146480603666,0.028135390976826255,0.02505213340927734,0.007808801756628386,0.0233542716805907,0.33088394486102735,0.6774419303200826,0.3217238860041583,0.6777128754328995,0.4592480420851622,0.05637999579739742,0.10561145646642951,0.05527950648893686,0.14236038626313638,0.09836349000378387,0.09930607265963846,0.18226624298997285,0.15486920319077205,0.1680606354434951,0.480291872107539,0.5197081289657739,0.3134326496187235,0.20694784685021259,0.2527898079654177,0.1897590188365452,OK
29,0.05471582419159604,0.02797092833988914,0.024385547260379267,0.007489936606005943,0.02319232489587236,0.33168961807173125,0.6796863792824144,0.32221679523640895,0.6798523600433483,0.4591269188997697,0.05604750713130005,0.10442328987931576,0.05386873616055459,0.1399392318897316,0.09765909873351616,0.09920415512117303,0.18120945578648978,0.15262943763835948,0.16524987464763966,0.48082488313728733,0.5191751166838272,0.3120559751450801,0.20639616341328992,0.2519864200883839,0.1899355286900021,OK
30,0.054808370335226585,0.02802228642010442,0.024404091777845697,0.007694094968425269,0.02276866771683258,0.3284778538621774,0.6813363025383073,0.32095570127073886,0.681584997909839,0.4575287106157351,0.055660568401306905,0.10331639380944448,0.053173465202568104,0.13787401824438272,0.09668105991841221,0.098867420066877,0.17955224405602963,0.15062249266729205,0.16328970106745683,0.480608237533867,0.5193917623230246,0.3138695367101003,0.20665547202507845,0.2531567271016225,0.19029293342584036,OK
31,0.05465996242156263,0.02794516922644421,0.02439511248155409,0.007738816705034846,0.022293831519156444,0.3262705317958921,0.679530738424711,0.32488373977368046,0.679716000286471,0.4595202147817554,0.05535357967824066,0.1033478880173662,0.053686660152076245,0.1381638363397279,0.09680340050005254,0.09960759779056008,0.18013533032169435,0.15123308390056958,0.16448356474147124,0.4798105974443534,0.5201894024840924,0.3145924674935129,0.20652691561098144,0.2520268649614158,0.18839384015260482,OK
32,0.05428907196713882,0.027830305387403498,0.02464621173752313,0.007482920858018449,0.022158707769326016,0.32579273951440013,0.6788534758543195,0.3249177446170729,0.678892038163303,0.45943235839400687,0.05512271364446448,0.10185093325333579,0.05332667545481425,0.13629417837846752,0.09597735266153122,0.09930030192111006,0.17870157674437956,0.14916029357824293,0.16313274831724625,0.4783424669597186,0.5216575323605165,0.3131555606301378,0.2063859793908742,0.2520063636737282,0.19124434657600603,OK
33,0.05384727803115942,0.02735552519262463,0.023273212758048313,0.007513269652094858,0.02168736566810691,0.3286857583156439,0.6762292722479349,0.3249856550045231,0.6763674366016205,0.4598794846045298,0.05475651966083665,0.09964255718927996,0.053236788843108826,0.1342557630225533,0.0946622463423951,0.09866566508829522,0.17684760165600932,0.14638573289955079,0.16140984594464158,0.47621042051521384,0.5237895789839068,0.30840798226796706,0.20481744807522123,0.25253069075215767,0.19033234575394392,OK
34,0.05380007146554692,0.02758997576456575,0.02407954878812166,0.007355905674892116,0.021552560030340718,0.3246141832952454,0.6801680486027648,0.3247540777399331,0.680253484812962,0.4586835752586786,0.05463210548333475,0.1003743221475726,0.05267086464102243,0.13400449461582042,0.09504521430647817,0.09969275690713564,0.17779355548939355,0.14665060838302071,0.1615299245371681,0.47654859895179535,0.5234514009766504,0.3110700184199847,0.20568198384213993,0.25125556864014337,0.18913444899031523,OK
35,0.054512355856749475,0.02821395335672032,0.024616535782080597,0.007534786092010097,0.02128331728127538,0.3217825866511174,0.6775234701539001,0.3278444524572677,0.6778426104877032,0.45911865650104877,0.05431929077295696,0.09878464085625716,0.05300851183242443,0.1328538314563458,0.0944331507830202,0.09936134213981937,0.17664502083468123,0.14497798937959833,0.16107362203774045,0.4745648781649348,0.52543512140574,0.3128732292502582,0.20693715493611786,0.2516905681497338,0.18832649431881213,OK
36,0.05329430735885811,0.027644902411825947,0.023617694594887266,0.007126585350093507,0.021017553350728312,0.31901748682342085,0.6814319441656248,0.3263835919504406,0.6814566655319279,0.4577702750750378,0.05414590093733168,0.09902307095558417,0.05141916798622239,0.1312775616170693,0.09405124998715172,0.09904084351061343,0.17578326773886777,0.144319095415156,0.15878320717010178,0.47650180365286526,0.5234981962040264,0.3129911921462234,0.20585732457159805,0.2528814503840324,0.1906965613579836,OK
37,0.05338174488176318,0.027439329669769464,0.02317411634939111,0.007329507641458497,0.020768215546623715,0.32175627121833766,0.6751540452063012,0.3296657105167659,0.6752647702075711,0.4607214963450438,0.05407062286929208,0.09736601863445497,0.05286572184100622,0.13110436652960325,0.09361755699455952,0.09965046310947151,0.17568893065186394,0.14331623263397708,0.1600544216627834,0.4729378200521847,0.5270621794469359,0.31260782728890696,0.20758194108756364,0.25318309998347693,0.18856630347320297,OK
38,0.05343660187660432,0.027646045603019063,0.024359724770600843,0.007202885039586748,0.02063597384773168,0.3189067743262466,0.6753225100426828,0.33098944803389035,0.6754428637342579,0.46099418348052495,0.05371358707582965,0.0947351686719085,0.05209515712448672,0.12843555984806185,0.09203242807507085,0.09855278402495356,0.17277843182255812,0.13942955316257935,0.15771924844738386,0.46964275733190997,0.5303572434909632,0.31044242152718365,0.20494044942407905,0.2525742801637495,0.1918123543244593,OK
39,0.052911632628339964,0.02775318555238725,0.023938270485853733,0.006955478261006909,0.020317832427267053,0.3121192595716857,0.6807731315225255,0.3321068672930636,0.6807700866768484,0.4587261891093145,0.05341105369262907,0.09646562299951643,0.05129381481643055,0.12855751087077383,0.09252594609041603,0.09927406483122997,0.1737611483947999,0.1409476878834801,0.15778855179824464,0.47243812100655463,0.5275618792438851,0.31378865560420566,0.20691381740559336,0.2520336468412238,0.18843459729708972,OK
40,0.05361599242146991,0.027905170160646486,0.024187905293534928,0.007434610087907507,0.02022942060231268,0.3131025397584361,0.6814898493982592,0.33093702642857525,0.6816168231408851,0.4579632845030827,0.05324298351788435,0.09573512377233065,0.051087379238667754,0.12758911155065855,0.09179479502687077,0.09936353434570411,0.17288119588293233,0.13964202049292293,0.15739254370814756,0.47076287486401497,0.5292371258157499,0.31293412354313027,0.2057326559026559,0.25283655185265846,0.189746440118816,OK
41,0.053318018851732436,0.027754348118555826,0.023878457379110363,0.0072068261781468145,0.020006759035191973,0.3153786178933186,0.6772966495796698,0.33245009046141843,0.6773833007801051,0.460327751174265,0.05281142040300055,0.09307508009607766,0.05117497484603313,0.12545237224213646,0.09055693985140767,0.09867516792371493,0.17086491706062193,0.13665504499572237,0.156073962118016,0.46731371546135086,0.5326862838231072,0.31351761879468737,0.20557358194621098,0.25197228437819547,0.18893164792517367,OK
42,0.05371885169140932,0.028323818005997092,0.024620844229009328,0.00718206685206362,0.020042053200215064,0.31100923373919576,0.6744993095423709,0.33517833596088736,0.6744638879616864,0.460666365161234,0.05272118712798888,0.09251470344156779,0.05210356079355007,0.12552690719749604,0.09078212212077996,0.09956854379692284,0.17174091058618882,0.13629929653378953,0.15712817430961318,0.4650204656791,0.5349795343209,0.31278312236678846,0.2054652873994637,0.2528809417857557,0.18935781396200962,OK
43,0.05322729191985451,0.028003778935847233,0.024166721924423887,0.007037209521024292,0.019763607747566584,0.31143989761908947,0.6767410119684661,0.3345674791005479,0.6768087944706805,0.4599774994340693,0.05246326046473697,0.09215943827903142,0.05140002102156182,0.12453387255499772,0.09029573778144452,0.09946506147553512,0.17093755283347126,0.13537607303544397,0.15631098758165432,0.4645882266051486,0.5354117740388392,0.3116208930082825,0.20517321165297783,0.25446346611464293,0.19096691145294425,OK
44,0.05268988463835341,0.027617688519971855,0.023774935695088924,0.006948174175047199,0.0195971520445427,0.31101113255499074,0.6784913026127352,0.33382651798364493,0.6785998116163503,0.45945199966287553,0.05241512841268891,0.09146436050283809,0.05075203551992434,0.12305098261330881,0.08957151073117216,0.09927948682355422,0.1700711736337048,0.13398208870750372,0.15506541977624216,0.46404224083203227,0.5359577589533051,0.31146844541754615,0.20584255307555055,0.2522484717391977,0.1891173049718106,OK
45,0.05236302080954395,0.027435107948202617,0.023231607242984897,0.00691010190776604,0.019420051534681404,0.31000898678262695,0.6790515634836126,0.33469675243401725,0.6790333833514142,0.45941238139285334,0.052262268231517556,0.09092257540373384,0.04989771523690667,0.12167138991808119,0.08902752756321129,0.09883043036705592,0.1690753137006336,0.13303569914484653,0.15311434314924988,0.46524656330551706,0.534753436014718,0.3116397623504911,0.2062927085866018,0.24996603610349588,0.19091681559153106,OK
46,0.052608589452802064,0.02760276390353636,0.023555086514189177,0.006973321815966075,0.019379879379284985,0.3096639204855297,0.678467375819995,0.3344280437475779,0.6785166814189856,0.45957566742278805,0.05219616003039361,0.0906359707133896,0.050215000890436866,0.12160433432599362,0.08894358550300117,0.09931272472224745,0.16920253954657843,0.13273151256457097,0.15382592102774337,0.46348201062212757,0.5365179890201014,0.312413405586763,0.2074671452518414,0.2529883209307368,0.19023849275790486,OK
47,0.052655805521706144,0.02802727811624344,0.024659370226474728,0.006883634040512296,0.019239633770084898,0.30173119498329576,0.6807838006823862,0.33674392052272073,0.6807810277784285,0.4580034140636082,0.051914117742879906,0.0907396254982768,0.05001773846661057,0.12117779052772729,0.08871527314901638,0.0996372391875623,0.16915899348788474,0.1324207381415768,0.15366074984886494,0.4634598950807359,0.5365401045614931,0.3128156834075145,0.20669912868866971,0.25267346855364786,0.1898992830733148,OK
48,0.05271256893050341,0.027949212133517715,0.02415588125139296,0.006885412923370053,0.01931217966974676,0.3053846729545891,0.6792277456546316,0.33606808490398266,0.6792955576371746,0.45902275559710426,0.05155419935735048,0.0893518799761621,0.04946622500556106,0.11941728943071159,0.08753270453729836,0.09887256629827644,0.1671897523543414,0.13071475746859165,0.15178066515335803,0.4628961625791827,0.5371038374923716,0.31214095294332445,0.20515800238836285,0.25310035786923524,0.1897596552574477,OK
49,0.05227034741572115,0.027538725806652856,0.02395421668321413,0.006943005404914735,0.019093023452098346,0.30404527880707566,0.6785375687326132,0.33726374542011933,0.678514821009905,0.4589611509767901,0.05146079099908167,0.08869482720402681,0.049425766371762984,0.11858342303519918,0.08762746188892465,0.09907066817579865,0.1674406759056295,0.1298358853714091,0.1513449161046264,0.4619545992754516,0.5380454006172171,0.31182299706400657,0.20591268313675223,0.25357723329998866,0.19074542662139987,OK
50,0.05185175131188006,0.02740974212512553,0.023005794631462604,0.006711014332350384,0.018924703957940065,0.3048233616144574,0.6775814207876716,0.3372401319632009,0.6776415420179608,0.4595525435396746,0.05162751493977756,0.08808091151810923,0.049869642437559786,0.1183588338964412,0.08724450374565491,0.09933430844602607,0.16737915480694995,0.129196850835633,0.1520293024586601,0.45972488811608553,0.5402751128498962,0.3113048297374332,0.20603304957391835,0.25341169135410246,0.19124979790555044,OK
51,0.052131290327296964,0.02763792137209536,0.0242564801142371,0.006876132188818785,0.019011126612039173,0.3000295417649405,0.6761778959778606,0.3414165501942297,0.6761334511269184,0.46058394925362495,0.051534672302394065,0.08841664524746685,0.05008456784569952,0.11867842460129441,0.087418141735702,0.09999605243196007,0.16805037353433766,0.1300878169513693,0.15228192921446151,0.46094131079756195,0.5390586883080106,0.3142699366178261,0.20823493909363558,0.25207105647472916,0.18998318369470152,OK
52,0.05255993558954792,0.02788258639096069,0.024129152415367235,0.0071151112301313145,0.018812201821020526,0.2992240087646826,0.6799868756339472,0.33923918817366727,0.6800658040258493,0.4585252869672993,0.05110306071401501,0.0880151961047967,0.04899669199229396,0.11718659610951505,0.08665130039652427,0.09934878132852758,0.1667960470392495,0.12857217114476882,0.15054901027414694,0.4608878326229975,0.5391121676989964,0.31200059053419876,0.20603353595461738,0.2520103122310049,0.18900400572786238,OK
53,0.05179903159166227,0.027561544554726203,0.0234582047380668,0.006788528380392282,0.018693641959583344,0.29832402984348955,0.6807647295573465,0.33890983355002385,0.6807772807356547,0.4579725527033514,0.051185150191384636,0.08805494943336278,0.048807680852809586,0.11683869047038982,0.08652548041163373,0.09941992260256306,0.1666177474812013,0.1285060691822763,0.1502374692373917,0.46128168773679745,0.5387183129429675,0.31256623415886853,0.20569810934033858,0.2518583662620112,0.19052936583041857,OK
54,0.05198611603045807,0.027803685904076905,0.023716180341593285,0.006821468701118789,0.018604756047835156,0.2960659117758775,0.6800791699560035,0.34090423541051856,0.6800625717439571,0.45876309769351087,0.051225100920087294,0.08785255186232914,0.04875329014200087,0.11643306089907277,0.08631912389007651,0.09938233688312705,0.16651739099589574,0.1283199072850137,0.1498274365607716,0.4615240950329679,0.5384759053605802,0.31149859012675885,0.206041622473126,0.2516272022407882,0.18990936900387292,OK
55,0.05198840437834861,0.02792821615478214,0.024000367566178432,0.0067985423598527946,0.01857213801307445,0.29351774791852625,0.6815527322984972,0.34133600213733756,0.6816110675718461,0.45796031217758254,0.05089861877253648,0.0874068963409615,0.04815531959075208,0.1154506746567741,0.08584525592687751,0.09914571697972402,0.16571493301929688,0.127469607207383,0.14881763820137298,0.46152811104796226,0.5384718895244713,0.31292649990871174,0.206185956372648,0.2519495519949179,0.18938435937891773,OK
56,0.0514271849093317,0.027435602364773187,0.02325888756620122,0.006673075267676116,0.01852192751625005,0.29614798014475946,0.679444987376054,0.34186558547068613,0.6795363544988461,0.45892163731900154,0.050978064063001795,0.08660741256816047,0.04826761528599162,0.11462962344771817,0.08569134227117571,0.0990706807514485,0.16554986829517268,0.12666528807932875,0.14822247823854598,0.4610213834483798,0.5389786156571927,0.3126815403101682,0.2058852158782004,0.2535473169559906,0.19076195357441186,OK
57,0.051831351022939294,0.02786751198476138,0.023256047813155847,0.006734005738321428,0.018279937951236357,0.294428578230227,0.6767835240690362,0.3436265456146982,0.6767629681228876,0.4599057932575496,0.050626927698288214,0.08580435949767909,0.04878819567941818,0.11429657233433993,0.08533619327240345,0.0990273865366898,0.16526558973780628,0.12608596896316682,0.14852133730486805,0.45944511579150626,0.5405548853175838,0.3122147468029379,0.2059750101235019,0.25234992837920195,0.19035909048506336,OK
58,0.05207754854260444,0.028074580960261938,0.023854023319672422,0.006787365391886248,0.018322730857302016,0.2929394442458399,0.6779090277000922,0.342685713326516,0.6779083193135577,0.45885137313840485,0.05053507238358152,0.08639235276223517,0.048311762503903954,0.11370944497393531,0.08511536246409365,0.09898624308004814,0.1650930346847296,0.1266329284636628,0.14739136606240186,0.4624153954499051,0.537584604621649,0.3091130251644038,0.20483304631738675,0.24960528577969712,0.18890317422108632,OK
59,0.052114423619312684,0.028332305771364672,0.023852417719553785,0.00673304036447481,0.018351516428113987,0.2896064061756466,0.6786050407969508,0.3448566940544891,0.6786264092409883,0.45908788816124596,0.050628125274023945,0.08730922534721954,0.048629702443406794,0.11481080713177644,0.08579794990987766,0.10009253638632157,0.166767624174418,0.12782227552058745,0.14897342987743173,0.46185788261790234,0.5381421177040915,0.31348912199648343,0.20627485661983203,0.25096682483265526,0.1898939085303664,OK
60,0.0512627864151406,0.027741567137799843,0.023172466286725285,0.006537879604062497,0.018208071655433932,0.28968023727921877,0.6804559342071217,0.3444366259198515,0.6804895557704664,0.45815523671789044,0.050479868773509615,0.0859320220612392,0.0475530568219605,0.11269473634204086,0.08473331221834379,0.09913774998355455,0.16491535656592426,0.12543880861668455,0.14649457140129155,0.4614214862094206,0.5385785133612543,0.30991045976815673,0.20590676763514223,0.2511013042436642,0.18931129389629214,OK
61,0.051348236258648164,0.027731436911840684,0.0235482854936339,0.00664075070825525,0.018114306467572967,0.2888015336206122,0.6803886883255957,0.3449106153820743,0.6803491674050564,0.4587732651869074,0.05039202471544333,0.08552158854696072,0.04722504842789376,0.11194866269576449,0.08444176824474964,0.09890962516417165,0.1644641881336828,0.12486344778916987,0.14555363546685726,0.4617446264585241,0.5382553743285721,0.3124485426053566,0.20570601598054422,0.250583357348734,0.18925112434903255,OK
62,0.05154884113323073,0.028123042919636132,0.02333515796571129,0.0065204602743623085,0.017954796921609402,0.2878454785709049,0.6774501783364103,0.3470552005544573,0.6774850446923154,0.46010506217505465,0.050376842954472194,0.08545575726057301,0.04793290560561962,0.11234713089959819,0.08469821671907211,0.09963346833512993,0.16550534426951322,0.1254069011430351,0.14645278288357827,0.4613093104826159,0.5386906905191429,0.3125271266963588,0.2066190925752129,0.2533965717558386,0.18908376835224008,OK
63,0.050665609008606886,0.027407725213603133,0.022893393207073103,0.0065406960279245875,0.017866805770478042,0.2849836012109273,0.6794152816876071,0.3472694473750308,0.6794418629263344,0.4589605069532543,0.05031344849093049,0.08559452663628565,0.0473512491437138,0.11174423294085988,0.08450506170507238,0.09931935162461247,0.16490544400223736,0.1252452723529874,0.14545999614058994,0.4627871391009025,0.5372128596826762,0.3122663895050589,0.20712856883082498,0.2511621363201634,0.1881699099295995,OK
64,0.051605114008949585,0.027979674251551102,0.02343490349055052,0.006740830195950297,0.017990079253357428,0.28722436175125987,0.6768933164687002,0.347325717361749,0.6768821993795764,0.45981464816742584,0.05039639626087404,0.08498931181083778,0.04773551551792838,0.11136550046637708,0.08415500666735982,0.09933602802750587,0.16474433960605497,0.12473560985074897,0.1454160758087329,0.46177301519200437,0.5382269843428934,0.3122318265747194,0.2059569092554634,0.24990748584556693,0.18872684049828142,OK
65,0.05111191571787411,0.02786074709124854,0.02341381119371874,0.006527487550820766,0.01777891800174264,0.2840902076012232,0.6790590347075949,0.3467899569872619,0.6789718282466032,0.45849531023156026,0.05043360264021523,0.08445603504669623,0.04705878194434946,0.11037412086347428,0.08371401828180412,0.0990334526688254,0.16392257230049995,0.12353370651727964,0.14419105688349254,0.4613818201054187,0.5386181789285996,0.31139279828638305,0.20488931742213926,0.2528692208776096,0.1916642238308831,OK
66,0.051500659431515335,0.028151183412605973,0.02381367277743078,0.0066655640728494414,0.018005864769622845,0.2824497117805166,0.6778857542687103,0.3495108108131253,0.677906621475609,0.45969070390421374,0.050386392970939504,0.08483539731884632,0.04737067055784497,0.11072023441883123,0.08400355376043812,0.09947128004493977,0.16480956965384363,0.12434103007183499,0.14488251039496705,0.46176708903776353,0.5382329117493326,0.3126499566639743,0.2071659690817865,0.252495176276239,0.18940517756224823,OK
67,0.05113764670716614,0.02783596154418634,0.02303454582719188,0.006586532773576355,0.017622940522917106,0.2847093614925142,0.6791822752174066,0.34664893295226834,0.6791027472729013,0.45885133271028444,0.05021485794527906,0.08447361086793735,0.046831294666139445,0.10976911745831316,0.08326737434208607,0.09879710445670234,0.16325354740685488,0.12359412916067268,0.1437180601462883,0.462422509511121,0.5375774909182042,0.313311431391471,0.2065764062938427,0.2504402427505903,0.19024278770009725,OK
68,0.050900225141862716,0.027839932027792766,0.02343467447855303,0.006466703759987099,0.017643596896497,0.28147371175910246,0.6764519848958069,0.3490832916864542,0.6765463068848755,0.45895003861024314,0.04996652410579186,0.08345221313966565,0.04715131673657773,0.10907218622274044,0.08274815901040601,0.09838988310864277,0.16227615860795058,0.122420719226583,0.1433366020204497,0.46045597564844953,0.539544023457123,0.31107393586907495,0.20536793017086863,0.2536298812759452,0.19049482657557346,OK
69,0.05057235524094119,0.027526006498346096,0.02326657393212695,0.006484979540159946,0.01755416350012102,0.28118339896488304,0.6789611676374689,0.3492173704923559,0.6789916561645907,0.45920203824718747,0.05009092600727711,0.08389577723028852,0.046601809668583884,0.1090084834903085,0.08288563363978557,0.0986027310178632,0.16258561679152023,0.12283778946403982,0.1431606890989237,0.46172720490812824,0.5382727957000824,0.3132381108449716,0.2065935257066484,0.2524837096090935,0.18935132696598517,OK
70,0.05085576297704126,0.027805816073592254,0.02343283702886584,0.0065359486000598965,0.01755181065730366,0.2799039225654156,0.6768648401886618,0.3507521504006323,0.6768475837495719,0.4597842674009225,0.050273497104823664,0.0835281897644822,0.047021178909916195,0.10886984546573794,0.08287060792062606,0.09875458635452415,0.16276561394602168,0.12264844622252798,0.14323838419165788,0.4612734255527391,0.5387265735886105,0.3106257552180399,0.20590241110267615,0.2526583064969133,0.1904711603295474,OK
71,0.050650889883522225,0.027686838069561723,0.023500074527370615,0.006481384509662334,0.017452128521096306,0.2791627657298996,0.6817782160614719,0.3480960068081607,0.6817894863481281,0.45764347535221517,0.05009635937224631,0.08431230233657976,0.04590595245813014,0.10833088043822246,0.0828264061482299,0.0986236817195636,0.162552890174386,0.12282478135852826,0.14223136254647772,0.46322582824891356,0.5367741720015261,0.3146007963481928,0.20730692292211436,0.2533592193567452,0.18894365185699544,OK
72,0.05095978898062211,0.028179335713695113,0.023200283679520848,0.006555299684382966,0.017391558146240618,0.2746241849725272,0.6780091028253571,0.35270860197306536,0.6780207898794245,0.4592453906802284,0.05021490115059667,0.08368825623128308,0.04695422851032212,0.10866527292443638,0.0830944729756479,0.09917133972317088,0.16338902409551812,0.1226885255251755,0.14363582637988362,0.4606887390490483,0.5393112614518311,0.3138591714766847,0.2083475351029513,0.25483983364246904,0.19069609446685856,OK
73,0.05037805413668539,0.027911821177893398,0.023425101791145136,0.006283781383888704,0.0172364178883965,0.27335153858200845,0.677148832314584,0.3535253524172063,0.6771493526924701,0.4596670389461632,0.050298437288328376,0.08315990925604412,0.04682424267818805,0.10795599415379555,0.08283527430688062,0.09885707633549712,0.16273216792300682,0.12199596157308672,0.14292438802312687,0.46026831918976313,0.5397316817762184,0.31019115032983713,0.20656151219862565,0.2538647893167773,0.19120460772822026,OK
74,0.04918675813130757,0.026992517914779548,0.022519373268980226,0.006153871904273763,0.017106483963241024,0.2723473173623182,0.6790760760905505,0.35280056709215707,0.6791336921369042,0.45878963617860624,0.050219359093246194,0.08397992901137324,0.046466692027692894,0.10793912805178586,0.0828769338660452,0.09913552813634438,0.1631410278800298,0.12279055479551707,0.1427723519763454,0.46203025703241274,0.5379697426455934,0.3118690096673702,0.20532229924652756,0.2508395235685884,0.1880747659438226,OK
75,0.05051544504318418,0.02788730281307882,0.023468794331339155,0.006404869895683331,0.017134161498330507,0.274101018851974,0.6775086947134277,0.3533099752371194,0.6774927207401821,0.4595799279742453,0.050259601919590925,0.08359087697741222,0.04663996525569444,0.10780725798078802,0.08272189722985637,0.09887429348238948,0.16262625916307571,0.12255977290947469,0.14261346505362305,0.46203868472132503,0.5379613149924581,0.31109084659406977,0.2052767128110075,0.25261669053214225,0.19011902871752986,OK
76,0.05005602262878404,0.027672049582187906,0.022886845070224742,0.006365838313742461,0.01713417598917311,0.2711621631486934,0.6787044977297445,0.35395143380542904,0.6787144439060147,0.4591656105787385,0.050313141724678365,0.08422327949917044,0.04652098817404221,0.10800872263716621,0.08298170371573656,0.09930687155328592,0.16323255481911736,0.12325482014097086,0.14293976024347765,0.46268723277198454,0.5373127673711239,0.31233162750430754,0.20528160645609714,0.25379967580394014,0.1912560628867951,OK
77,0.05104046049086201,0.028456704688816368,0.023870139277684374,0.006588072999014932,0.017111691837461772,0.26875103181865323,0.672477602135806,0.35785604313928254,0.6724535994598416,0.4615013134293482,0.050595966627260076,0.08313836371984516,0.047908264832819354,0.10832146992560338,0.08323879166095913,0.09979668965323919,0.1640147840311261,0.1229155207900297,0.14406563190459346,0.46034920122586237,0.5396507991319086,0.31243872263279854,0.20741257156465664,0.25342147787507413,0.18899181800014547,OK
78,0.05053786278701201,0.02796816020434787,0.023266266959317987,0.006612887947863731,0.017100044671504222,0.26918374594090794,0.6771782040238238,0.3559995177699452,0.677118257600434,0.45983609392577146,0.050496746932401235,0.08379662558794165,0.046791214399746345,0.10788983244354985,0.0829956815594814,0.09947110688378688,0.1634009682080325,0.12295143049554665,0.1431980426428842,0.4616872587052285,0.5383127408296693,0.3136058954738912,0.20551849891837476,0.2531748639971984,0.18986816321458277,OK
79,0.05033492482304215,0.028124300925125953,0.02373020313423024,0.006356756431514583,0.017023099759662923,0.2662123183206636,0.6748871453741447,0.357861729658523,0.6749435673598625,0.46031033502621094,0.050466954855679896,0.0833500193841174,0.04706019813492268,0.10750061561580465,0.0828693412772032,0.09938107853999087,0.16309553932170479,0.12260957335939213,0.14289674834579694,0.4613601068059365,0.5386398934087261,0.312384226295699,0.20566164511664004,0.2514033959764822,0.1906667402526196,OK
80,0.0496518645314824,0.027584506486098663,0.023148856752430225,0.0062384565242332496,0.016720583255426223,0.2669361967320631,0.6741565464853811,0.3577620184400073,0.6741508593937071,0.46091644925659014,0.05055193049388201,0.08288555832452275,0.04706103229472617,0.10714689900680464,0.08235174478316794,0.09917247579807566,0.16234270206877308,0.12208808246566182,0.14268459361784455,0.4607271983915446,0.5392728012864616,0.3104260722700717,0.20678943906332695,0.25193076766803774,0.18946217996876638,OK
